race_number,fav_horse_id,fav_odds,fav_finish,won,user_pnl_after,bankroll_after
2952,3,3.36,1,1,236.00,8764.00
2953,16,2.79,3,0,136.00,8864.00
2954,16,2.33,1,1,269.00,8731.00
2955,4,2.16,1,1,385.00,8615.00
2956,16,2.56,2,0,285.00,8715.00
2957,12,2.43,1,1,428.00,8572.00
2958,8,2.23,3,0,328.00,8672.00
2959,4,3.50,4,0,228.00,8772.00
2960,1,2.46,2,0,128.00,8872.00
2961,8,3.71,2,0,28.00,8972.00
2962,16,2.39,2,0,-72.00,9072.00
2963,16,2.21,1,1,49.00,8951.00
2964,14,3.05,5,0,-51.00,9051.00
2965,8,2.76,7,0,-151.00,9151.00
2966,3,3.01,5,0,-251.00,9251.00
2967,8,2.40,3,0,-351.00,9351.00
2968,4,2.88,2,0,-451.00,9451.00
2969,3,3.82,7,0,-551.00,9551.00
2970,12,2.89,1,1,-362.00,9362.00
2971,3,3.38,5,0,-462.00,9462.00
2972,8,3.16,5,0,-562.00,9562.00
2973,12,4.29,5,0,-662.00,9662.00
2974,16,2.22,1,1,-540.00,9540.00
2975,4,2.51,2,0,-640.00,9640.00
2976,8,3.37,2,0,-740.00,9740.00
2977,8,1.30,2,0,-840.00,9840.00
2978,8,3.07,5,0,-940.00,9940.00
2979,8,3.26,2,0,-1040.00,10040.00
2980,8,3.66,4,0,-1140.00,10140.00
2981,3,3.09,1,1,-931.00,9931.00
2982,12,4.34,2,0,-1031.00,10031.00
2983,16,2.50,4,0,-1131.00,10131.00
2984,3,3.07,1,1,-924.00,9924.00
2985,16,2.19,2,0,-1024.00,10024.00
2986,8,2.10,7,0,-1124.00,10124.00
2987,14,2.11,2,0,-1224.00,10224.00
2988,14,2.58,1,1,-1066.00,10066.00
2989,4,2.89,1,1,-877.00,9877.00
2990,8,1.94,1,1,-783.00,9783.00
2991,3,3.02,2,0,-883.00,9883.00
2992,12,2.94,2,0,-983.00,9983.00
2993,16,2.55,6,0,-1083.00,10083.00
2994,14,3.16,6,0,-1183.00,10183.00
2995,4,2.02,3,0,-1283.00,10283.00
2996,4,4.23,1,1,-960.00,9960.00
2997,14,3.44,7,0,-1060.00,10060.00
2998,16,2.82,5,0,-1160.00,10160.00
2999,3,3.63,4,0,-1260.00,10260.00
3000,3,4.12,2,0,-1360.00,10360.00
3001,4,3.08,1,1,-1152.00,10152.00
3002,8,5.24,1,1,-728.00,9728.00
3003,3,3.17,5,0,-828.00,9828.00
3004,16,2.59,2,0,-928.00,9928.00
3005,12,3.00,5,0,-1028.00,10028.00
3006,8,3.92,3,0,-1128.00,10128.00
3007,14,2.41,1,1,-987.00,9987.00
3008,16,2.35,1,1,-852.00,9852.00
3009,12,4.08,8,0,-952.00,9952.00
3010,16,3.25,3,0,-1052.00,10052.00
3011,14,2.61,4,0,-1152.00,10152.00
3012,3,3.16,4,0,-1252.00,10252.00
3013,14,3.55,6,0,-1352.00,10352.00
3014,3,2.16,1,1,-1236.00,10236.00
3015,14,2.40,1,1,-1096.00,10096.00
3016,3,3.38,6,0,-1196.00,10196.00
3017,4,4.62,7,0,-1296.00,10296.00
3018,16,2.38,1,1,-1158.00,10158.00
3019,3,2.87,5,0,-1258.00,10258.00
3020,16,2.12,1,1,-1146.00,10146.00
3021,8,2.20,1,1,-1026.00,10026.00
3022,4,4.38,4,0,-1126.00,10126.00
3023,3,3.21,5,0,-1226.00,10226.00
3024,16,4.88,4,0,-1326.00,10326.00
3025,1,3.22,3,0,-1426.00,10426.00
3026,16,2.05,1,1,-1321.00,10321.00
3027,14,3.30,1,1,-1091.00,10091.00
3028,16,4.25,5,0,-1191.00,10191.00
3029,16,2.23,2,0,-1291.00,10291.00
3030,14,3.58,8,0,-1391.00,10391.00
3031,9,5.36,7,0,-1491.00,10491.00
3032,16,2.62,2,0,-1591.00,10591.00
3033,4,3.27,7,0,-1691.00,10691.00
3034,8,2.18,1,1,-1573.00,10573.00
3035,3,2.86,6,0,-1673.00,10673.00
3036,8,1.77,1,1,-1596.00,10596.00
3037,14,2.78,1,1,-1418.00,10418.00
3038,3,3.21,5,0,-1518.00,10518.00
3039,14,3.13,2,0,-1618.00,10618.00
3040,16,4.33,8,0,-1718.00,10718.00
3041,1,3.19,5,0,-1818.00,10818.00
3042,8,2.37,2,0,-1918.00,10918.00
3043,4,2.88,1,1,-1730.00,10730.00
3044,3,4.30,5,0,-1830.00,10830.00
3045,16,2.30,1,1,-1700.00,10700.00
3046,14,2.55,6,0,-1800.00,10800.00
3047,16,2.64,2,0,-1900.00,10900.00
3048,8,4.23,1,1,-1577.00,10577.00
3049,4,2.98,5,0,-1677.00,10677.00
3050,8,1.43,1,1,-1634.00,10634.00
3051,8,2.27,2,0,-1734.00,10734.00
3052,3,3.28,1,1,-1506.00,10506.00
3053,16,2.97,3,0,-1606.00,10606.00
3054,3,3.09,1,1,-1397.00,10397.00
3055,16,2.57,5,0,-1497.00,10497.00
3056,3,3.13,2,0,-1597.00,10597.00
3057,8,3.26,2,0,-1697.00,10697.00
3058,3,3.14,8,0,-1797.00,10797.00
3059,16,3.33,1,1,-1564.00,10564.00
3060,16,2.43,1,1,-1421.00,10421.00
3061,16,2.96,2,0,-1521.00,10521.00
3062,8,3.18,4,0,-1621.00,10621.00
3063,8,2.97,4,0,-1721.00,10721.00
3064,14,2.62,6,0,-1821.00,10821.00
3065,16,2.54,1,1,-1667.00,10667.00
3066,8,1.92,1,1,-1575.00,10575.00
3067,16,2.91,3,0,-1675.00,10675.00
3068,12,2.53,6,0,-1775.00,10775.00
3069,16,2.03,2,0,-1875.00,10875.00
3070,16,1.33,1,1,-1842.00,10842.00
3071,16,2.33,3,0,-1942.00,10942.00
3072,16,2.16,2,0,-2042.00,11042.00
3073,16,1.89,3,0,-2142.00,11142.00
3074,8,3.00,5,0,-2242.00,11242.00
3075,4,4.58,1,1,-1884.00,10884.00
3076,8,3.00,6,0,-1984.00,10984.00
3077,14,3.17,8,0,-2084.00,11084.00
3078,4,4.27,2,0,-2184.00,11184.00
3079,8,3.10,3,0,-2284.00,11284.00
3080,4,2.64,3,0,-2384.00,11384.00
3081,16,2.18,1,1,-2266.00,11266.00
3082,8,2.34,1,1,-2132.00,11132.00
3083,4,4.09,6,0,-2232.00,11232.00
3084,1,2.92,4,0,-2332.00,11332.00
3085,3,3.28,4,0,-2432.00,11432.00
3086,16,1.96,1,1,-2336.00,11336.00
3087,14,2.31,1,1,-2205.00,11205.00
3088,16,3.13,1,1,-1992.00,10992.00
3089,3,3.66,1,1,-1726.00,10726.00
3090,12,3.56,1,1,-1470.00,10470.00
3091,8,2.33,1,1,-1337.00,10337.00
3092,14,3.63,2,0,-1437.00,10437.00
3093,3,3.49,7,0,-1537.00,10537.00
3094,14,2.81,1,1,-1356.00,10356.00
3095,16,2.56,2,0,-1456.00,10456.00
3096,16,3.37,4,0,-1556.00,10556.00
3097,14,2.94,1,1,-1362.00,10362.00
3098,3,3.34,2,0,-1462.00,10462.00
3099,16,4.65,6,0,-1562.00,10562.00
3100,3,3.02,2,0,-1662.00,10662.00
3101,8,2.91,2,0,-1762.00,10762.00
3102,8,2.77,2,0,-1862.00,10862.00
3103,14,1.45,3,0,-1962.00,10962.00
3104,16,2.84,3,0,-2062.00,11062.00
3105,14,2.72,6,0,-2162.00,11162.00
3106,8,2.74,3,0,-2262.00,11262.00
3107,16,1.91,1,1,-2171.00,11171.00
3108,8,3.13,2,0,-2271.00,11271.00
3109,16,2.52,1,1,-2119.00,11119.00
3110,8,1.95,1,1,-2024.00,11024.00
3111,16,1.83,3,0,-2124.00,11124.00
3112,16,2.03,1,1,-2021.00,11021.00
3113,4,3.03,2,0,-2121.00,11121.00
3114,16,2.22,1,1,-1999.00,10999.00
3115,16,1.94,4,0,-2099.00,11099.00
3116,14,3.29,2,0,-2199.00,11199.00
3117,8,2.40,3,0,-2299.00,11299.00
3118,14,2.86,1,1,-2113.00,11113.00
3119,14,4.44,3,0,-2213.00,11213.00
3120,3,3.27,8,0,-2313.00,11313.00
3121,16,2.44,2,0,-2413.00,11413.00
3122,16,2.44,1,1,-2269.00,11269.00
3123,8,2.76,4,0,-2369.00,11369.00
3124,12,2.08,1,1,-2261.00,11261.00
3125,14,3.18,1,1,-2043.00,11043.00
3126,16,2.79,6,0,-2143.00,11143.00
3127,4,2.57,2,0,-2243.00,11243.00
3128,4,2.35,3,0,-2343.00,11343.00
3129,4,2.99,1,1,-2144.00,11144.00
3130,8,2.25,2,0,-2244.00,11244.00
3131,4,4.31,2,0,-2344.00,11344.00
3132,1,1.59,1,1,-2285.00,11285.00
3133,16,2.90,4,0,-2385.00,11385.00
3134,1,3.34,2,0,-2485.00,11485.00
3135,9,4.74,8,0,-2585.00,11585.00
3136,14,2.86,8,0,-2685.00,11685.00
3137,16,5.03,4,0,-2785.00,11785.00
3138,14,2.77,1,1,-2608.00,11608.00
3139,8,2.84,3,0,-2708.00,11708.00
3140,8,2.82,5,0,-2808.00,11808.00
3141,16,3.48,4,0,-2908.00,11908.00
3142,3,2.59,1,1,-2749.00,11749.00
3143,16,2.54,3,0,-2849.00,11849.00
3144,3,3.27,2,0,-2949.00,11949.00
3145,12,2.49,2,0,-3049.00,12049.00
3146,3,3.30,7,0,-3149.00,12149.00
3147,1,2.89,2,0,-3249.00,12249.00
3148,4,2.17,2,0,-3349.00,12349.00
3149,12,2.15,1,1,-3234.00,12234.00
3150,3,1.82,2,0,-3334.00,12334.00
3151,3,3.38,5,0,-3434.00,12434.00
3152,16,2.66,3,0,-3534.00,12534.00
3153,14,3.71,6,0,-3634.00,12634.00
3154,3,3.35,3,0,-3734.00,12734.00
3155,16,2.43,1,1,-3591.00,12591.00
3156,16,2.09,2,0,-3691.00,12691.00
3157,3,3.91,6,0,-3791.00,12791.00
3158,14,1.89,2,0,-3891.00,12891.00
3159,16,2.46,4,0,-3991.00,12991.00
3160,4,4.81,3,0,-4091.00,13091.00
3161,4,2.50,2,0,-4191.00,13191.00
3162,8,2.72,1,1,-4019.00,13019.00
3163,14,3.12,1,1,-3807.00,12807.00
3164,16,2.50,2,0,-3907.00,12907.00
3165,4,2.06,4,0,-4007.00,13007.00
3166,16,1.84,1,1,-3923.00,12923.00
3167,3,3.51,2,0,-4023.00,13023.00
3168,4,3.60,2,0,-4123.00,13123.00
3169,4,3.69,5,0,-4223.00,13223.00
3170,14,2.74,1,1,-4049.00,13049.00
3171,8,2.46,1,1,-3903.00,12903.00
3172,8,3.26,5,0,-4003.00,13003.00
3173,16,2.18,4,0,-4103.00,13103.00
3174,8,2.43,3,0,-4203.00,13203.00
3175,16,2.28,4,0,-4303.00,13303.00
3176,14,3.45,1,1,-4058.00,13058.00
3177,4,1.90,2,0,-4158.00,13158.00
3178,16,2.11,2,0,-4258.00,13258.00
3179,16,4.83,6,0,-4358.00,13358.00
3180,8,2.48,3,0,-4458.00,13458.00
3181,16,2.52,5,0,-4558.00,13558.00
3182,4,4.25,7,0,-4658.00,13658.00
3183,16,1.56,5,0,-4758.00,13758.00
3184,14,3.67,5,0,-4858.00,13858.00
3185,3,3.14,4,0,-4958.00,13958.00
3186,8,3.17,1,1,-4741.00,13741.00
3187,16,1.54,1,1,-4687.00,13687.00
3188,16,4.46,1,1,-4341.00,13341.00
3189,14,3.45,1,1,-4096.00,13096.00
3190,8,2.80,1,1,-3916.00,12916.00
3191,14,3.63,1,1,-3653.00,12653.00
3192,16,2.25,2,0,-3753.00,12753.00
3193,1,2.16,1,1,-3637.00,12637.00
3194,8,2.14,1,1,-3523.00,12523.00
3195,12,2.49,7,0,-3623.00,12623.00
3196,14,2.52,1,1,-3471.00,12471.00
3197,1,3.21,1,1,-3250.00,12250.00
3198,3,2.72,2,0,-3350.00,12350.00
3199,16,3.72,6,0,-3450.00,12450.00
3200,1,3.55,4,0,-3550.00,12550.00
3201,3,3.00,7,0,-3650.00,12650.00
3202,16,2.19,1,1,-3531.00,12531.00
3203,3,3.18,1,1,-3313.00,12313.00
3204,16,3.67,4,0,-3413.00,12413.00
3205,8,2.49,3,0,-3513.00,12513.00
3206,8,1.71,1,1,-3442.00,12442.00
3207,16,2.08,8,0,-3542.00,12542.00
3208,3,3.10,1,1,-3332.00,12332.00
3209,14,3.13,1,1,-3119.00,12119.00
3210,9,5.23,3,0,-3219.00,12219.00
3211,14,3.72,5,0,-3319.00,12319.00
3212,16,2.50,4,0,-3419.00,12419.00
3213,16,2.44,1,1,-3275.00,12275.00
3214,1,3.01,3,0,-3375.00,12375.00
3215,16,2.73,1,1,-3202.00,12202.00
3216,14,2.95,1,1,-3007.00,12007.00
3217,3,3.13,3,0,-3107.00,12107.00
3218,8,3.20,7,0,-3207.00,12207.00
3219,3,3.05,2,0,-3307.00,12307.00
3220,4,2.47,3,0,-3407.00,12407.00
3221,4,2.80,3,0,-3507.00,12507.00
3222,16,2.31,4,0,-3607.00,12607.00
3223,16,2.34,3,0,-3707.00,12707.00
3224,16,2.07,3,0,-3807.00,12807.00
3225,8,2.84,1,1,-3623.00,12623.00
3226,12,3.87,2,0,-3723.00,12723.00
3227,14,3.60,8,0,-3823.00,12823.00
3228,8,2.75,2,0,-3923.00,12923.00
3229,3,2.87,3,0,-4023.00,13023.00
3230,8,3.26,4,0,-4123.00,13123.00
3231,3,3.48,1,1,-3875.00,12875.00
3232,8,3.74,1,1,-3601.00,12601.00
3233,3,3.42,3,0,-3701.00,12701.00
3234,16,3.19,3,0,-3801.00,12801.00
3235,16,1.82,3,0,-3901.00,12901.00
3236,16,2.61,1,1,-3740.00,12740.00
3237,16,2.04,4,0,-3840.00,12840.00
3238,14,3.91,2,0,-3940.00,12940.00
3239,14,2.65,1,1,-3775.00,12775.00
3240,3,3.93,3,0,-3875.00,12875.00
3241,16,1.57,2,0,-3975.00,12975.00
3242,14,3.47,8,0,-4075.00,13075.00
3243,14,3.54,2,0,-4175.00,13175.00
3244,16,2.63,2,0,-4275.00,13275.00
3245,3,2.76,2,0,-4375.00,13375.00
3246,14,3.40,2,0,-4475.00,13475.00
3247,12,3.10,4,0,-4575.00,13575.00
3248,14,2.08,2,0,-4675.00,13675.00
3249,14,3.70,8,0,-4775.00,13775.00
3250,16,4.36,2,0,-4875.00,13875.00
3251,14,3.64,1,1,-4611.00,13611.00
3252,4,3.72,2,0,-4711.00,13711.00
3253,16,2.48,7,0,-4811.00,13811.00
3254,14,2.61,2,0,-4911.00,13911.00
3255,16,2.45,7,0,-5011.00,14011.00
3256,3,3.00,1,1,-4811.00,13811.00
3257,16,3.03,3,0,-4911.00,13911.00
3258,14,2.59,1,1,-4752.00,13752.00
3259,16,3.19,4,0,-4852.00,13852.00
3260,12,2.82,5,0,-4952.00,13952.00
3261,4,4.48,8,0,-5052.00,14052.00
3262,4,2.04,3,0,-5152.00,14152.00
3263,16,2.52,3,0,-5252.00,14252.00
3264,4,2.45,8,0,-5352.00,14352.00
3265,14,3.21,1,1,-5131.00,14131.00
3266,3,3.10,2,0,-5231.00,14231.00
3267,9,5.26,8,0,-5331.00,14331.00
3268,14,3.47,2,0,-5431.00,14431.00
3269,14,2.65,1,1,-5266.00,14266.00
3270,14,2.94,4,0,-5366.00,14366.00
3271,8,3.46,2,0,-5466.00,14466.00
3272,3,3.29,2,0,-5566.00,14566.00
3273,14,2.71,1,1,-5395.00,14395.00
3274,8,2.16,2,0,-5495.00,14495.00
3275,3,3.47,6,0,-5595.00,14595.00
3276,8,2.18,1,1,-5477.00,14477.00
3277,16,2.73,1,1,-5304.00,14304.00
3278,1,2.84,5,0,-5404.00,14404.00
3279,16,2.57,2,0,-5504.00,14504.00
3280,1,2.43,4,0,-5604.00,14604.00
3281,12,4.79,8,0,-5704.00,14704.00
3282,14,3.42,2,0,-5804.00,14804.00
3283,16,3.60,6,0,-5904.00,14904.00
3284,16,2.31,2,0,-6004.00,15004.00
3285,16,2.01,1,1,-5903.00,14903.00
3286,16,3.95,6,0,-6003.00,15003.00
3287,14,4.01,3,0,-6103.00,15103.00
3288,14,2.89,7,0,-6203.00,15203.00
3289,1,3.55,5,0,-6303.00,15303.00
3290,14,3.74,2,0,-6403.00,15403.00
3291,1,3.92,8,0,-6503.00,15503.00
3292,3,3.08,1,1,-6295.00,15295.00
3293,16,4.58,1,1,-5937.00,14937.00
3294,14,3.15,1,1,-5722.00,14722.00
3295,14,2.92,3,0,-5822.00,14822.00
3296,8,3.77,7,0,-5922.00,14922.00
3297,14,3.03,4,0,-6022.00,15022.00
3298,3,2.56,8,0,-6122.00,15122.00
3299,14,3.40,5,0,-6222.00,15222.00
3300,16,3.05,1,1,-6017.00,15017.00
3301,1,2.76,7,0,-6117.00,15117.00
3302,12,3.92,4,0,-6217.00,15217.00
3303,1,3.37,5,0,-6317.00,15317.00
3304,1,4.04,4,0,-6417.00,15417.00
3305,8,2.98,1,1,-6219.00,15219.00
3306,12,4.07,2,0,-6319.00,15319.00
3307,16,2.38,1,1,-6181.00,15181.00
3308,14,1.46,1,1,-6135.00,15135.00
3309,14,2.74,1,1,-5961.00,14961.00
3310,8,1.94,1,1,-5867.00,14867.00
3311,16,1.79,2,0,-5967.00,14967.00
3312,14,3.08,2,0,-6067.00,15067.00
3313,1,2.51,7,0,-6167.00,15167.00
3314,8,2.46,3,0,-6267.00,15267.00
3315,12,2.20,3,0,-6367.00,15367.00
3316,12,2.32,4,0,-6467.00,15467.00
3317,3,1.85,2,0,-6567.00,15567.00
3318,3,3.46,4,0,-6667.00,15667.00
3319,3,3.27,4,0,-6767.00,15767.00
3320,14,3.02,3,0,-6867.00,15867.00
3321,16,2.30,2,0,-6967.00,15967.00
3322,12,2.90,4,0,-7067.00,16067.00
3323,3,3.14,3,0,-7167.00,16167.00
3324,4,2.75,3,0,-7267.00,16267.00
3325,16,2.39,2,0,-7367.00,16367.00
3326,8,2.43,1,1,-7224.00,16224.00
3327,16,2.66,7,0,-7324.00,16324.00
3328,8,2.37,6,0,-7424.00,16424.00
3329,14,2.73,1,1,-7251.00,16251.00
3330,3,3.08,2,0,-7351.00,16351.00
3331,14,3.50,4,0,-7451.00,16451.00
3332,14,3.55,6,0,-7551.00,16551.00
3333,16,1.52,1,1,-7499.00,16499.00
3334,14,3.92,5,0,-7599.00,16599.00
3335,16,2.32,1,1,-7467.00,16467.00
3336,1,3.16,1,1,-7251.00,16251.00
3337,3,3.02,2,0,-7351.00,16351.00
3338,12,2.32,1,1,-7219.00,16219.00
3339,12,2.25,1,1,-7094.00,16094.00
3340,4,2.76,3,0,-7194.00,16194.00
3341,14,2.56,1,1,-7038.00,16038.00
3342,14,2.04,1,1,-6934.00,15934.00
3343,3,3.23,1,1,-6711.00,15711.00
3344,8,2.23,1,1,-6588.00,15588.00
3345,12,1.77,1,1,-6511.00,15511.00
3346,14,3.09,8,0,-6611.00,15611.00
3347,8,3.98,7,0,-6711.00,15711.00
3348,16,3.09,6,0,-6811.00,15811.00
3349,4,1.30,1,1,-6781.00,15781.00
3350,1,2.82,1,1,-6599.00,15599.00
3351,16,2.62,2,0,-6699.00,15699.00
3352,14,3.35,1,1,-6464.00,15464.00
3353,3,2.20,6,0,-6564.00,15564.00
3354,12,2.73,3,0,-6664.00,15664.00
3355,8,2.62,3,0,-6764.00,15764.00
3356,8,3.27,5,0,-6864.00,15864.00
3357,16,2.07,2,0,-6964.00,15964.00
3358,8,3.77,2,0,-7064.00,16064.00
3359,8,2.05,2,0,-7164.00,16164.00
3360,14,1.84,1,1,-7080.00,16080.00
3361,3,3.73,2,0,-7180.00,16180.00
3362,1,3.44,1,1,-6936.00,15936.00
3363,3,3.19,3,0,-7036.00,16036.00
3364,3,2.98,5,0,-7136.00,16136.00
3365,3,2.98,2,0,-7236.00,16236.00
3366,14,2.55,1,1,-7081.00,16081.00
3367,16,2.42,3,0,-7181.00,16181.00
3368,16,4.22,8,0,-7281.00,16281.00
3369,1,3.62,3,0,-7381.00,16381.00
3370,16,3.01,2,0,-7481.00,16481.00
3371,16,2.72,2,0,-7581.00,16581.00
3372,3,2.77,2,0,-7681.00,16681.00
3373,8,2.77,1,1,-7504.00,16504.00
3374,4,2.92,7,0,-7604.00,16604.00
3375,16,2.37,1,1,-7467.00,16467.00
3376,8,1.66,1,1,-7401.00,16401.00
3377,14,2.54,8,0,-7501.00,16501.00
3378,8,1.70,1,1,-7431.00,16431.00
3379,16,1.82,1,1,-7349.00,16349.00
3380,16,2.22,3,0,-7449.00,16449.00
3381,4,3.56,2,0,-7549.00,16549.00
3382,14,4.03,1,1,-7246.00,16246.00
3383,4,3.65,3,0,-7346.00,16346.00
3384,14,2.91,1,1,-7155.00,16155.00
3385,3,3.11,1,1,-6944.00,15944.00
3386,16,4.49,2,0,-7044.00,16044.00
3387,4,3.04,8,0,-7144.00,16144.00
3388,16,2.64,1,1,-6980.00,15980.00
3389,12,2.94,1,1,-6786.00,15786.00
3390,14,3.74,1,1,-6512.00,15512.00
3391,14,2.44,4,0,-6612.00,15612.00
3392,1,3.59,2,0,-6712.00,15712.00
3393,8,3.62,3,0,-6812.00,15812.00
3394,14,4.26,1,1,-6486.00,15486.00
3395,8,2.64,2,0,-6586.00,15586.00
3396,1,3.63,5,0,-6686.00,15686.00
3397,16,2.15,7,0,-6786.00,15786.00
3398,16,3.10,8,0,-6886.00,15886.00
3399,4,3.04,5,0,-6986.00,15986.00
3400,16,2.31,7,0,-7086.00,16086.00
3401,8,2.50,1,1,-6936.00,15936.00
3402,14,2.84,1,1,-6752.00,15752.00
3403,4,2.49,3,0,-6852.00,15852.00
3404,1,2.19,1,1,-6733.00,15733.00
3405,1,1.82,1,1,-6651.00,15651.00
3406,8,3.02,7,0,-6751.00,15751.00
3407,16,3.04,2,0,-6851.00,15851.00
3408,16,2.70,6,0,-6951.00,15951.00
3409,14,2.84,6,0,-7051.00,16051.00
3410,4,4.31,6,0,-7151.00,16151.00
3411,12,3.03,1,1,-6948.00,15948.00
3412,3,3.81,3,0,-7048.00,16048.00
3413,14,2.61,6,0,-7148.00,16148.00
3414,4,2.46,3,0,-7248.00,16248.00
3415,3,4.02,3,0,-7348.00,16348.00
3416,16,3.32,2,0,-7448.00,16448.00
3417,16,2.98,3,0,-7548.00,16548.00
3418,1,3.01,3,0,-7648.00,16648.00
3419,14,2.44,2,0,-7748.00,16748.00
3420,8,2.54,1,1,-7594.00,16594.00
3421,16,2.69,2,0,-7694.00,16694.00
3422,14,3.22,1,1,-7472.00,16472.00
3423,8,2.62,7,0,-7572.00,16572.00
3424,14,3.57,8,0,-7672.00,16672.00
3425,14,1.99,3,0,-7772.00,16772.00
3426,3,4.02,6,0,-7872.00,16872.00
3427,16,3.00,8,0,-7972.00,16972.00
3428,4,3.81,4,0,-8072.00,17072.00
3429,14,3.62,1,1,-7810.00,16810.00
3430,16,1.93,1,1,-7717.00,16717.00
3431,12,2.26,1,1,-7591.00,16591.00
3432,3,2.72,3,0,-7691.00,16691.00
3433,16,2.66,3,0,-7791.00,16791.00
3434,16,2.37,2,0,-7891.00,16891.00
3435,14,3.42,8,0,-7991.00,16991.00
3436,8,2.37,1,1,-7854.00,16854.00
3437,8,2.54,2,0,-7954.00,16954.00
3438,12,5.20,1,1,-7534.00,16534.00
3439,4,1.92,2,0,-7634.00,16634.00
3440,16,2.69,3,0,-7734.00,16734.00
3441,4,3.02,1,1,-7532.00,16532.00
3442,14,3.19,2,0,-7632.00,16632.00
3443,16,2.91,5,0,-7732.00,16732.00
3444,14,2.85,7,0,-7832.00,16832.00
3445,14,3.59,4,0,-7932.00,16932.00
3446,14,3.75,3,0,-8032.00,17032.00
3447,16,2.35,1,1,-7897.00,16897.00
3448,16,2.38,2,0,-7997.00,16997.00
3449,14,3.91,2,0,-8097.00,17097.00
3450,3,2.91,5,0,-8197.00,17197.00
3451,4,2.31,1,1,-8066.00,17066.00
3452,12,2.49,1,1,-7917.00,16917.00
3453,12,3.03,3,0,-8017.00,17017.00
3454,16,2.42,3,0,-8117.00,17117.00
3455,3,3.46,3,0,-8217.00,17217.00
3456,4,1.99,1,1,-8118.00,17118.00
3457,12,2.95,2,0,-8218.00,17218.00
3458,16,2.27,4,0,-8318.00,17318.00
3459,12,4.33,8,0,-8418.00,17418.00
3460,16,2.84,4,0,-8518.00,17518.00
3461,16,2.12,2,0,-8618.00,17618.00
3462,8,1.87,8,0,-8718.00,17718.00
3463,16,1.49,1,1,-8669.00,17669.00
3464,3,2.92,2,0,-8769.00,17769.00
3465,4,3.45,4,0,-8869.00,17869.00
3466,1,2.87,1,1,-8682.00,17682.00
3467,1,4.59,7,0,-8782.00,17782.00
3468,14,3.37,4,0,-8882.00,17882.00
3469,16,4.76,2,0,-8982.00,17982.00
3470,16,2.15,1,1,-8867.00,17867.00
3471,14,2.91,3,0,-8967.00,17967.00
3472,4,2.75,5,0,-9067.00,18067.00
3473,3,3.25,1,1,-8842.00,17842.00
3474,8,3.02,1,1,-8640.00,17640.00
3475,12,2.40,6,0,-8740.00,17740.00
3476,14,3.33,4,0,-8840.00,17840.00
3477,8,2.47,1,1,-8693.00,17693.00
3478,16,3.83,7,0,-8793.00,17793.00
3479,14,3.81,4,0,-8893.00,17893.00
3480,1,2.24,2,0,-8993.00,17993.00
3481,14,3.17,5,0,-9093.00,18093.00
3482,8,2.62,4,0,-9193.00,18193.00
3483,14,2.82,1,1,-9011.00,18011.00
3484,16,3.37,3,0,-9111.00,18111.00
3485,8,2.24,1,1,-8987.00,17987.00
3486,12,3.67,4,0,-9087.00,18087.00
3487,16,2.87,5,0,-9187.00,18187.00
3488,3,3.40,6,0,-9287.00,18287.00
3489,14,2.85,2,0,-9387.00,18387.00
3490,8,2.75,1,1,-9212.00,18212.00
3491,8,2.02,1,1,-9110.00,18110.00
3492,14,2.82,7,0,-9210.00,18210.00
3493,16,2.16,1,1,-9094.00,18094.00
3494,8,1.83,1,1,-9011.00,18011.00
3495,8,2.16,4,0,-9111.00,18111.00
3496,14,4.03,6,0,-9211.00,18211.00
3497,16,2.62,2,0,-9311.00,18311.00
3498,3,3.45,4,0,-9411.00,18411.00
3499,3,3.55,1,1,-9156.00,18156.00
3500,14,3.66,3,0,-9256.00,18256.00
3501,3,2.95,1,1,-9061.00,18061.00
3502,16,2.58,8,0,-9161.00,18161.00
3503,3,2.89,4,0,-9261.00,18261.00
3504,16,2.72,7,0,-9361.00,18361.00
3505,14,3.77,1,1,-9084.00,18084.00
3506,8,3.50,1,1,-8834.00,17834.00
3507,16,3.19,2,0,-8934.00,17934.00
3508,16,2.39,3,0,-9034.00,18034.00
3509,4,2.30,3,0,-9134.00,18134.00
3510,16,2.38,8,0,-9234.00,18234.00
3511,14,2.66,2,0,-9334.00,18334.00
3512,3,2.68,1,1,-9166.00,18166.00
3513,14,3.91,2,0,-9266.00,18266.00
3514,4,2.74,2,0,-9366.00,18366.00
3515,16,1.74,3,0,-9466.00,18466.00
3516,14,3.43,3,0,-9566.00,18566.00
3517,14,3.53,1,1,-9313.00,18313.00
3518,14,2.72,4,0,-9413.00,18413.00
3519,3,3.12,3,0,-9513.00,18513.00
3520,4,3.67,1,1,-9246.00,18246.00
3521,3,3.04,6,0,-9346.00,18346.00
3522,4,3.86,2,0,-9446.00,18446.00
3523,8,2.68,2,0,-9546.00,18546.00
3524,14,4.10,1,1,-9236.00,18236.00
3525,4,3.95,5,0,-9336.00,18336.00
3526,8,3.21,3,0,-9436.00,18436.00
3527,12,3.15,4,0,-9536.00,18536.00
3528,8,1.79,1,1,-9457.00,18457.00
3529,4,4.14,4,0,-9557.00,18557.00
3530,8,4.53,7,0,-9657.00,18657.00
3531,4,4.68,5,0,-9757.00,18757.00
3532,8,3.24,2,0,-9857.00,18857.00
3533,12,4.07,5,0,-9957.00,18957.00
3534,16,1.54,1,1,-9903.00,18903.00
3535,3,3.61,4,0,-10003.00,19003.00
3536,8,3.47,3,0,-10103.00,19103.00
3537,12,5.06,3,0,-10203.00,19203.00
3538,8,3.61,3,0,-10303.00,19303.00
3539,3,3.85,6,0,-10403.00,19403.00
3540,4,4.68,8,0,-10503.00,19503.00
3541,8,2.67,1,1,-10336.00,19336.00
3542,8,2.45,3,0,-10436.00,19436.00
3543,8,2.73,1,1,-10263.00,19263.00
3544,12,3.65,2,0,-10363.00,19363.00
3545,14,2.71,4,0,-10463.00,19463.00
3546,14,3.15,8,0,-10563.00,19563.00
3547,16,2.92,3,0,-10663.00,19663.00
3548,12,3.04,5,0,-10763.00,19763.00
3549,3,2.75,1,1,-10588.00,19588.00
3550,1,2.36,1,1,-10452.00,19452.00
3551,8,1.89,1,1,-10363.00,19363.00
3552,1,2.33,1,1,-10230.00,19230.00
3553,3,4.03,7,0,-10330.00,19330.00
3554,14,4.27,3,0,-10430.00,19430.00
3555,8,2.95,1,1,-10235.00,19235.00
3556,8,3.75,4,0,-10335.00,19335.00
3557,16,3.26,5,0,-10435.00,19435.00
3558,1,2.00,2,0,-10535.00,19535.00
3559,16,2.67,2,0,-10635.00,19635.00
3560,14,4.06,1,1,-10329.00,19329.00
3561,4,2.28,1,1,-10201.00,19201.00
3562,14,3.13,3,0,-10301.00,19301.00
3563,16,2.05,2,0,-10401.00,19401.00
3564,8,1.79,2,0,-10501.00,19501.00
3565,14,2.80,5,0,-10601.00,19601.00
3566,16,2.00,3,0,-10701.00,19701.00
3567,3,2.94,6,0,-10801.00,19801.00
3568,16,2.56,6,0,-10901.00,19901.00
3569,16,2.38,2,0,-11001.00,20001.00
3570,4,4.56,1,1,-10645.00,19645.00
3571,12,4.12,3,0,-10745.00,19745.00
3572,3,4.34,5,0,-10845.00,19845.00
3573,4,2.55,2,0,-10945.00,19945.00
3574,16,3.42,3,0,-11045.00,20045.00
3575,3,4.05,2,0,-11145.00,20145.00
3576,14,3.50,3,0,-11245.00,20245.00
3577,14,3.43,2,0,-11345.00,20345.00
3578,16,3.22,7,0,-11445.00,20445.00
3579,14,3.68,1,1,-11177.00,20177.00
3580,14,3.09,4,0,-11277.00,20277.00
3581,16,3.49,6,0,-11377.00,20377.00
3582,12,2.60,4,0,-11477.00,20477.00
3583,16,1.93,3,0,-11577.00,20577.00
3584,14,2.27,2,0,-11677.00,20677.00
3585,14,3.00,6,0,-11777.00,20777.00
3586,16,2.77,2,0,-11877.00,20877.00
3587,16,2.09,4,0,-11977.00,20977.00
3588,4,2.78,5,0,-12077.00,21077.00
3589,14,3.26,6,0,-12177.00,21177.00
3590,16,2.60,3,0,-12277.00,21277.00
3591,16,2.96,5,0,-12377.00,21377.00
3592,16,2.91,2,0,-12477.00,21477.00
3593,8,2.42,6,0,-12577.00,21577.00
3594,8,3.33,3,0,-12677.00,21677.00
3595,4,3.60,1,1,-12417.00,21417.00
3596,4,4.39,5,0,-12517.00,21517.00
3597,4,3.73,2,0,-12617.00,21617.00
3598,12,5.03,3,0,-12717.00,21717.00
3599,14,3.42,4,0,-12817.00,21817.00
3600,16,4.92,5,0,-12917.00,21917.00
3601,3,3.03,2,0,-13017.00,22017.00
3602,16,2.68,5,0,-13117.00,22117.00
3603,16,2.19,2,0,-13217.00,22217.00
3604,3,2.93,1,1,-13024.00,22024.00
3605,14,3.39,3,0,-13124.00,22124.00
3606,16,4.16,3,0,-13224.00,22224.00
3607,16,3.17,2,0,-13324.00,22324.00
3608,14,2.93,1,1,-13131.00,22131.00
3609,12,3.49,3,0,-13231.00,22231.00
3610,16,2.73,1,1,-13058.00,22058.00
3611,14,2.81,4,0,-13158.00,22158.00
3612,8,2.24,1,1,-13034.00,22034.00
3613,16,3.52,3,0,-13134.00,22134.00
3614,14,3.53,7,0,-13234.00,22234.00
3615,16,4.53,8,0,-13334.00,22334.00
3616,4,3.64,4,0,-13434.00,22434.00
3617,12,4.16,4,0,-13534.00,22534.00
3618,14,2.50,8,0,-13634.00,22634.00
3619,8,3.46,2,0,-13734.00,22734.00
3620,8,2.56,1,1,-13578.00,22578.00
3621,4,4.31,2,0,-13678.00,22678.00
3622,3,4.44,5,0,-13778.00,22778.00
3623,8,2.54,1,1,-13624.00,22624.00
3624,16,1.85,3,0,-13724.00,22724.00
3625,16,1.44,2,0,-13824.00,22824.00
3626,8,3.07,4,0,-13924.00,22924.00
3627,12,1.60,1,1,-13864.00,22864.00
3628,14,3.10,1,1,-13654.00,22654.00
3629,14,4.15,6,0,-13754.00,22754.00
3630,8,1.86,1,1,-13668.00,22668.00
3631,14,1.86,6,0,-13768.00,22768.00
3632,4,3.55,3,0,-13868.00,22868.00
3633,16,2.29,2,0,-13968.00,22968.00
3634,3,3.27,3,0,-14068.00,23068.00
3635,16,2.55,1,1,-13913.00,22913.00
3636,16,2.70,3,0,-14013.00,23013.00
3637,3,2.76,5,0,-14113.00,23113.00
3638,16,2.62,7,0,-14213.00,23213.00
3639,8,3.70,1,1,-13943.00,22943.00
3640,8,2.18,1,1,-13825.00,22825.00
3641,16,2.47,3,0,-13925.00,22925.00
3642,14,2.80,4,0,-14025.00,23025.00
3643,4,2.64,1,1,-13861.00,22861.00
3644,16,1.92,1,1,-13769.00,22769.00
3645,12,4.11,2,0,-13869.00,22869.00
3646,8,2.58,4,0,-13969.00,22969.00
3647,14,2.75,2,0,-14069.00,23069.00
3648,14,3.12,1,1,-13857.00,22857.00
3649,14,3.05,1,1,-13652.00,22652.00
3650,1,2.11,2,0,-13752.00,22752.00
3651,16,2.32,4,0,-13852.00,22852.00
3652,14,3.97,1,1,-13555.00,22555.00
3653,4,2.04,1,1,-13451.00,22451.00
3654,16,2.56,1,1,-13295.00,22295.00
3655,3,3.22,3,0,-13395.00,22395.00
3656,14,2.92,5,0,-13495.00,22495.00
3657,8,3.83,1,1,-13212.00,22212.00
3658,3,2.80,1,1,-13032.00,22032.00
3659,16,1.94,1,1,-12938.00,21938.00
3660,16,2.51,6,0,-13038.00,22038.00
3661,14,3.41,2,0,-13138.00,22138.00
3662,14,3.24,1,1,-12914.00,21914.00
3663,16,1.81,1,1,-12833.00,21833.00
3664,3,4.02,3,0,-12933.00,21933.00
3665,14,3.63,3,0,-13033.00,22033.00
3666,12,2.60,1,1,-12873.00,21873.00
3667,3,2.89,1,1,-12684.00,21684.00
3668,16,1.49,1,1,-12635.00,21635.00
3669,14,3.26,2,0,-12735.00,21735.00
3670,14,2.40,1,1,-12595.00,21595.00
3671,1,3.52,3,0,-12695.00,21695.00
3672,16,2.76,2,0,-12795.00,21795.00
3673,12,2.00,1,1,-12695.00,21695.00
3674,16,2.57,8,0,-12795.00,21795.00
3675,1,3.76,3,0,-12895.00,21895.00
3676,1,2.03,1,1,-12792.00,21792.00
3677,12,3.39,2,0,-12892.00,21892.00
3678,3,2.78,2,0,-12992.00,21992.00
3679,12,2.42,2,0,-13092.00,22092.00
3680,8,2.43,1,1,-12949.00,21949.00
3681,14,3.60,8,0,-13049.00,22049.00
3682,16,2.03,2,0,-13149.00,22149.00
3683,12,3.10,1,1,-12939.00,21939.00
3684,14,3.95,1,1,-12644.00,21644.00
3685,16,2.01,1,1,-12543.00,21543.00
3686,4,3.12,5,0,-12643.00,21643.00
3687,16,4.63,3,0,-12743.00,21743.00
3688,3,3.69,4,0,-12843.00,21843.00
3689,14,2.74,2,0,-12943.00,21943.00
3690,16,4.45,7,0,-13043.00,22043.00
3691,1,4.23,6,0,-13143.00,22143.00
3692,8,2.51,8,0,-13243.00,22243.00
3693,3,3.59,1,1,-12984.00,21984.00
3694,16,2.74,2,0,-13084.00,22084.00
3695,14,3.81,8,0,-13184.00,22184.00
3696,14,3.19,3,0,-13284.00,22284.00
3697,3,4.00,3,0,-13384.00,22384.00
3698,14,3.04,7,0,-13484.00,22484.00
3699,14,3.59,2,0,-13584.00,22584.00
3700,4,2.75,4,0,-13684.00,22684.00
3701,8,3.57,7,0,-13784.00,22784.00
3702,3,1.99,3,0,-13884.00,22884.00
3703,14,3.43,8,0,-13984.00,22984.00
3704,3,2.48,2,0,-14084.00,23084.00
3705,8,2.45,5,0,-14184.00,23184.00
3706,3,3.44,4,0,-14284.00,23284.00
3707,14,3.79,8,0,-14384.00,23384.00
3708,14,2.26,1,1,-14258.00,23258.00
3709,16,2.81,5,0,-14358.00,23358.00
3710,3,3.59,2,0,-14458.00,23458.00
3711,4,4.50,7,0,-14558.00,23558.00
3712,16,2.53,1,1,-14405.00,23405.00
3713,14,3.70,4,0,-14505.00,23505.00
3714,1,4.00,5,0,-14605.00,23605.00
3715,8,3.07,1,1,-14398.00,23398.00
3716,14,3.82,4,0,-14498.00,23498.00
3717,16,2.63,4,0,-14598.00,23598.00
3718,14,2.37,1,1,-14461.00,23461.00
3719,14,2.32,5,0,-14561.00,23561.00
3720,3,3.11,2,0,-14661.00,23661.00
3721,16,2.37,6,0,-14761.00,23761.00
3722,16,1.79,1,1,-14682.00,23682.00
3723,4,3.13,8,0,-14782.00,23782.00
3724,8,2.08,1,1,-14674.00,23674.00
3725,16,2.05,2,0,-14774.00,23774.00
3726,8,2.54,1,1,-14620.00,23620.00
3727,14,3.15,6,0,-14720.00,23720.00
3728,16,4.69,5,0,-14820.00,23820.00
3729,1,4.12,1,1,-14508.00,23508.00
3730,14,3.64,6,0,-14608.00,23608.00
3731,16,2.76,2,0,-14708.00,23708.00
3732,8,2.46,2,0,-14808.00,23808.00
3733,3,3.20,1,1,-14588.00,23588.00
3734,3,3.46,1,1,-14342.00,23342.00
3735,14,4.14,4,0,-14442.00,23442.00
3736,3,3.54,5,0,-14542.00,23542.00
3737,16,3.65,1,1,-14277.00,23277.00
3738,8,2.43,1,1,-14134.00,23134.00
3739,3,2.65,7,0,-14234.00,23234.00
3740,16,3.18,5,0,-14334.00,23334.00
3741,16,5.08,4,0,-14434.00,23434.00
3742,3,3.61,6,0,-14534.00,23534.00
3743,8,2.25,3,0,-14634.00,23634.00
3744,8,2.09,1,1,-14525.00,23525.00
3745,16,3.10,2,0,-14625.00,23625.00
3746,14,3.33,7,0,-14725.00,23725.00
3747,14,3.48,1,1,-14477.00,23477.00
3748,12,3.49,4,0,-14577.00,23577.00
3749,16,1.46,7,0,-14677.00,23677.00
3750,8,4.83,1,1,-14294.00,23294.00
3751,14,3.51,1,1,-14043.00,23043.00
3752,16,1.30,1,1,-14013.00,23013.00
3753,8,1.88,1,1,-13925.00,22925.00
3754,14,2.78,1,1,-13747.00,22747.00
3755,12,2.52,3,0,-13847.00,22847.00
3756,3,3.87,3,0,-13947.00,22947.00
3757,3,2.67,5,0,-14047.00,23047.00
3758,3,3.41,2,0,-14147.00,23147.00
3759,3,1.97,1,1,-14050.00,23050.00
3760,14,3.46,2,0,-14150.00,23150.00
3761,14,2.55,1,1,-13995.00,22995.00
3762,14,2.18,1,1,-13877.00,22877.00
3763,3,3.65,1,1,-13612.00,22612.00
3764,16,2.05,1,1,-13507.00,22507.00
3765,8,3.22,5,0,-13607.00,22607.00
3766,16,4.38,4,0,-13707.00,22707.00
3767,16,2.66,1,1,-13541.00,22541.00
3768,16,2.72,2,0,-13641.00,22641.00
3769,3,3.22,1,1,-13419.00,22419.00
3770,4,3.51,2,0,-13519.00,22519.00
3771,3,2.57,8,0,-13619.00,22619.00
3772,16,2.19,1,1,-13500.00,22500.00
3773,14,2.62,8,0,-13600.00,22600.00
3774,12,1.39,2,0,-13700.00,22700.00
3775,16,2.51,1,1,-13549.00,22549.00
3776,14,3.16,2,0,-13649.00,22649.00
3777,16,3.30,3,0,-13749.00,22749.00
3778,16,2.16,4,0,-13849.00,22849.00
3779,4,2.39,2,0,-13949.00,22949.00
3780,12,2.38,1,1,-13811.00,22811.00
3781,14,3.07,6,0,-13911.00,22911.00
3782,14,3.40,2,0,-14011.00,23011.00
3783,16,1.80,3,0,-14111.00,23111.00
3784,1,2.87,1,1,-13924.00,22924.00
3785,16,1.78,2,0,-14024.00,23024.00
3786,16,2.32,2,0,-14124.00,23124.00
3787,16,2.46,1,1,-13978.00,22978.00
3788,14,2.92,1,1,-13786.00,22786.00
3789,8,1.88,2,0,-13886.00,22886.00
3790,16,2.67,3,0,-13986.00,22986.00
3791,3,3.13,1,1,-13773.00,22773.00
3792,8,1.76,1,1,-13697.00,22697.00
3793,3,3.15,8,0,-13797.00,22797.00
3794,14,2.92,3,0,-13897.00,22897.00
3795,14,3.49,5,0,-13997.00,22997.00
3796,4,2.91,6,0,-14097.00,23097.00
3797,4,2.35,4,0,-14197.00,23197.00
3798,14,3.70,2,0,-14297.00,23297.00
3799,16,2.04,5,0,-14397.00,23397.00
3800,12,1.82,8,0,-14497.00,23497.00
3801,3,3.33,3,0,-14597.00,23597.00
3802,14,2.74,1,1,-14423.00,23423.00
3803,14,2.58,2,0,-14523.00,23523.00
3804,3,3.06,8,0,-14623.00,23623.00
3805,3,3.70,4,0,-14723.00,23723.00
3806,16,2.52,5,0,-14823.00,23823.00
3807,8,2.51,4,0,-14923.00,23923.00
3808,12,4.53,2,0,-15023.00,24023.00
3809,14,3.44,5,0,-15123.00,24123.00
3810,16,2.87,2,0,-15223.00,24223.00
3811,4,4.12,5,0,-15323.00,24323.00
3812,16,3.06,2,0,-15423.00,24423.00
3813,4,2.49,1,1,-15274.00,24274.00
3814,8,2.80,1,1,-15094.00,24094.00
3815,14,2.99,2,0,-15194.00,24194.00
3816,14,3.70,1,1,-14924.00,23924.00
3817,3,3.88,1,1,-14636.00,23636.00
3818,16,2.32,6,0,-14736.00,23736.00
3819,1,4.03,1,1,-14433.00,23433.00
3820,16,3.17,5,0,-14533.00,23533.00
3821,14,3.33,1,1,-14300.00,23300.00
3822,3,2.65,3,0,-14400.00,23400.00
3823,14,2.62,2,0,-14500.00,23500.00
3824,14,3.46,1,1,-14254.00,23254.00
3825,4,3.88,2,0,-14354.00,23354.00
3826,16,3.51,7,0,-14454.00,23454.00
3827,12,1.81,2,0,-14554.00,23554.00
3828,4,3.55,1,1,-14299.00,23299.00
3829,14,2.75,1,1,-14124.00,23124.00
3830,14,3.14,3,0,-14224.00,23224.00
3831,16,2.39,2,0,-14324.00,23324.00
3832,1,1.42,1,1,-14282.00,23282.00
3833,3,3.18,2,0,-14382.00,23382.00
3834,14,2.80,4,0,-14482.00,23482.00
3835,12,4.91,5,0,-14582.00,23582.00
3836,4,1.96,2,0,-14682.00,23682.00
3837,14,3.17,2,0,-14782.00,23782.00
3838,4,2.17,1,1,-14665.00,23665.00
3839,1,2.97,2,0,-14765.00,23765.00
3840,16,2.32,7,0,-14865.00,23865.00
3841,14,3.38,1,1,-14627.00,23627.00
3842,14,3.64,3,0,-14727.00,23727.00
3843,14,3.95,1,1,-14432.00,23432.00
3844,4,2.43,1,1,-14289.00,23289.00
3845,16,1.63,1,1,-14226.00,23226.00
3846,3,2.95,1,1,-14031.00,23031.00
3847,4,1.62,2,0,-14131.00,23131.00
3848,4,2.71,3,0,-14231.00,23231.00
3849,14,3.98,8,0,-14331.00,23331.00
3850,16,2.17,2,0,-14431.00,23431.00
3851,16,2.09,2,0,-14531.00,23531.00
3852,16,2.49,2,0,-14631.00,23631.00
3853,14,3.42,6,0,-14731.00,23731.00
3854,16,2.63,2,0,-14831.00,23831.00
3855,8,2.56,1,1,-14675.00,23675.00
3856,4,2.64,3,0,-14775.00,23775.00
3857,3,3.17,7,0,-14875.00,23875.00
3858,8,2.31,2,0,-14975.00,23975.00
3859,9,5.55,1,1,-14520.00,23520.00
3860,4,2.43,2,0,-14620.00,23620.00
3861,8,2.06,3,0,-14720.00,23720.00
3862,16,2.52,6,0,-14820.00,23820.00
3863,3,2.75,1,1,-14645.00,23645.00
3864,8,2.06,1,1,-14539.00,23539.00
3865,16,3.17,2,0,-14639.00,23639.00
3866,3,2.21,2,0,-14739.00,23739.00
3867,8,2.79,2,0,-14839.00,23839.00
3868,16,2.51,6,0,-14939.00,23939.00
3869,14,3.21,1,1,-14718.00,23718.00
3870,16,2.23,1,1,-14595.00,23595.00
3871,14,3.41,7,0,-14695.00,23695.00
3872,16,2.55,1,1,-14540.00,23540.00
3873,14,3.77,6,0,-14640.00,23640.00
3874,14,3.17,3,0,-14740.00,23740.00
3875,16,2.37,1,1,-14603.00,23603.00
3876,8,3.43,4,0,-14703.00,23703.00
3877,16,2.26,1,1,-14577.00,23577.00
3878,14,2.96,6,0,-14677.00,23677.00
3879,16,2.71,3,0,-14777.00,23777.00
3880,8,2.70,2,0,-14877.00,23877.00
3881,16,2.83,1,1,-14694.00,23694.00
3882,8,2.98,4,0,-14794.00,23794.00
3883,3,2.62,1,1,-14632.00,23632.00
3884,8,2.66,4,0,-14732.00,23732.00
3885,8,2.94,1,1,-14538.00,23538.00
3886,16,1.98,1,1,-14440.00,23440.00
3887,16,2.72,1,1,-14268.00,23268.00
3888,8,1.79,1,1,-14189.00,23189.00
3889,16,2.40,2,0,-14289.00,23289.00
3890,14,3.95,3,0,-14389.00,23389.00
3891,16,2.51,1,1,-14238.00,23238.00
3892,8,3.11,2,0,-14338.00,23338.00
3893,3,2.92,3,0,-14438.00,23438.00
3894,16,1.99,1,1,-14339.00,23339.00
3895,3,2.94,3,0,-14439.00,23439.00
3896,16,2.77,1,1,-14262.00,23262.00
3897,8,4.63,2,0,-14362.00,23362.00
3898,4,2.43,1,1,-14219.00,23219.00
3899,16,2.20,5,0,-14319.00,23319.00
3900,1,3.44,4,0,-14419.00,23419.00
3901,8,3.03,1,1,-14216.00,23216.00
3902,8,2.15,1,1,-14101.00,23101.00
3903,12,1.48,1,1,-14053.00,23053.00
3904,8,3.40,6,0,-14153.00,23153.00
3905,14,3.79,1,1,-13874.00,22874.00
3906,16,2.50,2,0,-13974.00,22974.00
3907,4,4.14,6,0,-14074.00,23074.00
3908,14,2.18,3,0,-14174.00,23174.00
3909,16,1.85,1,1,-14089.00,23089.00
3910,14,3.65,3,0,-14189.00,23189.00
3911,14,3.55,5,0,-14289.00,23289.00
3912,8,2.87,2,0,-14389.00,23389.00
3913,8,2.50,3,0,-14489.00,23489.00
3914,14,3.45,3,0,-14589.00,23589.00
3915,1,2.23,2,0,-14689.00,23689.00
3916,8,2.20,2,0,-14789.00,23789.00
3917,1,2.12,1,1,-14677.00,23677.00
3918,3,2.80,3,0,-14777.00,23777.00
3919,16,2.77,6,0,-14877.00,23877.00
3920,14,3.84,3,0,-14977.00,23977.00
3921,8,1.35,1,1,-14942.00,23942.00
3922,16,2.15,2,0,-15042.00,24042.00
3923,14,4.79,5,0,-15142.00,24142.00
3924,8,2.45,4,0,-15242.00,24242.00
3925,16,2.70,6,0,-15342.00,24342.00
3926,4,1.73,1,1,-15269.00,24269.00
3927,3,4.05,4,0,-15369.00,24369.00
3928,8,3.48,2,0,-15469.00,24469.00
3929,16,2.93,2,0,-15569.00,24569.00
3930,16,1.93,2,0,-15669.00,24669.00
3931,3,2.51,3,0,-15769.00,24769.00
3932,16,2.37,1,1,-15632.00,24632.00
3933,14,3.25,1,1,-15407.00,24407.00
3934,3,2.86,3,0,-15507.00,24507.00
3935,14,2.72,5,0,-15607.00,24607.00
3936,14,3.50,1,1,-15357.00,24357.00
3937,14,3.98,6,0,-15457.00,24457.00
3939,16,2.01,2,0,-15557.00,24557.00
3940,14,3.33,4,0,-15657.00,24657.00
3941,3,3.37,2,0,-15757.00,24757.00
3942,3,4.12,2,0,-15857.00,24857.00
3943,4,3.63,4,0,-15957.00,24957.00
3944,16,2.41,2,0,-16057.00,25057.00
3945,14,3.55,8,0,-16157.00,25157.00
3946,16,4.43,8,0,-16257.00,25257.00
3947,14,2.92,8,0,-16357.00,25357.00
3948,12,3.01,4,0,-16457.00,25457.00
3949,8,2.26,4,0,-16557.00,25557.00
3952,16,1.74,2,0,-16657.00,25657.00
3953,3,2.73,1,1,-16484.00,25484.00
3954,8,2.64,1,1,-16320.00,25320.00